source_id,status,change_type,first_seen_at,last_seen_at,inactive_since,title,description,aircraft_type,origin_airport_raw,origin_icao,origin_iata,origin_airport_name,origin_city,origin_country,destination_airport_raw,destination_icao,destination_iata,destination_airport_name,destination_city,destination_country,departure_date_raw,departure_date_iso,departure_time,arrival_time,flight_duration,price_raw,price_amount,price_currency,price_currency_symbol,seats_available,tracking_link,rss_link,booking_link,published,fetched_at
https://villiers.ai/empty-legs/kiws-ksbm-2026-08-06?id=ADHUHR,active,unchanged,2026-08-05T22:38:36+00:00,2026-08-06T03:47:01+00:00,,"Pilatus PC 12 NG | West Houston Airport → Sheboygan County Memorial Airport | $8,385",,Pilatus PC 12 NG,KIWS - West Houston Airport,KIWS,IWS,West Houston Airport,Houston,US,KSBM - Sheboygan County Memorial Airport,KSBM,SBM,Sheboygan County Memorial International Airport,Sheboygan,US,06 August 2026,2026-08-06,12:00,14:27,2h 27m,"$8,385",8385,USD,$,7,https://villiers.ai/empty-legs/kiws-ksbm-2026-08-06?id=ADHUHR,https://villiers.ai/empty-legs/kiws-ksbm-2026-08-06?id=ADHUHR,https://villiers.ai/empty-legs/kiws-ksbm-2026-08-06?id=ADHUHR,"Tue, 04 Aug 2026 15:45:18 GMT",2026-08-06T03:47:01+00:00
https://villiers.ai/empty-legs/kpdk-kbna-2026-08-06?id=ADHUHR,active,unchanged,2026-08-05T22:38:36+00:00,2026-08-06T03:47:01+00:00,,"Cessna Citation V | DeKalb Peachtree Airport → Nashville International Airport | $3,118",,Cessna Citation V,KPDK - DeKalb Peachtree Airport,KPDK,PDK,Dekalb-Peachtree Airport,Atlanta,US,KBNA - Nashville International Airport,KBNA,BNA,Nashville International Airport,Nashville,US,06 August 2026,2026-08-06,12:00,12:52,53m,"$3,118",3118,USD,$,7,https://villiers.ai/empty-legs/kpdk-kbna-2026-08-06?id=ADHUHR,https://villiers.ai/empty-legs/kpdk-kbna-2026-08-06?id=ADHUHR,https://villiers.ai/empty-legs/kpdk-kbna-2026-08-06?id=ADHUHR,"Sat, 18 Jul 2026 16:59:38 GMT",2026-08-06T03:47:01+00:00
https://villiers.ai/empty-legs/kpdk-khou-2026-08-06?id=ADHUHR,active,unchanged,2026-08-05T22:38:36+00:00,2026-08-06T03:47:01+00:00,,"Cessna Citation V | DeKalb Peachtree Airport → William P. Hobby Airport | $7,955",,Cessna Citation V,KPDK - DeKalb Peachtree Airport,KPDK,PDK,Dekalb-Peachtree Airport,Atlanta,US,KHOU - William P. Hobby Airport,KHOU,HOU,William P Hobby Airport,Houston,US,06 August 2026,2026-08-06,12:00,13:48,1h 48m,"$7,955",7955,USD,$,7,https://villiers.ai/empty-legs/kpdk-khou-2026-08-06?id=ADHUHR,https://villiers.ai/empty-legs/kpdk-khou-2026-08-06?id=ADHUHR,https://villiers.ai/empty-legs/kpdk-khou-2026-08-06?id=ADHUHR,"Mon, 20 Jul 2026 13:55:03 GMT",2026-08-06T03:47:01+00:00
https://villiers.ai/empty-legs/ktrk-kcrq-2026-08-06?id=ADHUHR,active,unchanged,2026-08-05T22:38:36+00:00,2026-08-06T03:47:01+00:00,,"Hawker 900XP | Truckee Tahoe Airport → McClellan-Palomar Airport | $10,750",,Hawker 900XP,KTRK - Truckee Tahoe Airport,KTRK,TKF,Truckee-Tahoe Airport,Truckee,US,KCRQ - McClellan-Palomar Airport,KCRQ,CLD,Mc Clellan-Palomar Airport,Carlsbad,US,06 August 2026,2026-08-06,12:00,13:20,1h 21m,"$10,750",10750,USD,$,9,https://villiers.ai/empty-legs/ktrk-kcrq-2026-08-06?id=ADHUHR,https://villiers.ai/empty-legs/ktrk-kcrq-2026-08-06?id=ADHUHR,https://villiers.ai/empty-legs/ktrk-kcrq-2026-08-06?id=ADHUHR,"Wed, 29 Jul 2026 01:11:07 GMT",2026-08-06T03:47:01+00:00
https://villiers.ai/empty-legs/kcrq-ktrk-2026-08-07?id=ADHUHR,active,unchanged,2026-08-05T22:38:36+00:00,2026-08-06T03:47:01+00:00,,"Citation CJ3 | McClellan-Palomar Airport → Truckee Tahoe Airport | $8,600",,Citation CJ3,KCRQ - McClellan-Palomar Airport,KCRQ,CLD,Mc Clellan-Palomar Airport,Carlsbad,US,KTRK - Truckee Tahoe Airport,KTRK,TKF,Truckee-Tahoe Airport,Truckee,US,07 August 2026,2026-08-07,12:00,13:20,1h 21m,"$8,600",8600,USD,$,8,https://villiers.ai/empty-legs/kcrq-ktrk-2026-08-07?id=ADHUHR,https://villiers.ai/empty-legs/kcrq-ktrk-2026-08-07?id=ADHUHR,https://villiers.ai/empty-legs/kcrq-ktrk-2026-08-07?id=ADHUHR,"Wed, 29 Jul 2026 01:11:07 GMT",2026-08-06T03:47:01+00:00
https://villiers.ai/empty-legs/khou-ksbm-2026-08-07?id=ADHUHR,active,unchanged,2026-08-05T22:38:36+00:00,2026-08-06T03:47:01+00:00,,"Pilatus PC 12 NG | William P. Hobby Airport → Sheboygan County Memorial Airport | $8,385",,Pilatus PC 12 NG,KHOU - William P. Hobby Airport,KHOU,HOU,William P Hobby Airport,Houston,US,KSBM - Sheboygan County Memorial Airport,KSBM,SBM,Sheboygan County Memorial International Airport,Sheboygan,US,07 August 2026,2026-08-07,12:00,14:27,2h 27m,"$8,385",8385,USD,$,7,https://villiers.ai/empty-legs/khou-ksbm-2026-08-07?id=ADHUHR,https://villiers.ai/empty-legs/khou-ksbm-2026-08-07?id=ADHUHR,https://villiers.ai/empty-legs/khou-ksbm-2026-08-07?id=ADHUHR,"Sat, 11 Jul 2026 14:07:49 GMT",2026-08-06T03:47:01+00:00
https://villiers.ai/empty-legs/egkb-lfpb-2026-08-08?id=ADHUHR,active,unchanged,2026-08-05T22:38:36+00:00,2026-08-06T03:47:01+00:00,,"Embraer Phenom 300E | Biggin Hill Airport → Paris Le Bourget Airport | £8,923",,Embraer Phenom 300E,EGKB - Biggin Hill Airport,EGKB,BQH,London Biggin Hill Airport,London,GB,LFPB - Paris Le Bourget Airport,LFPB,LBG,Paris-Le Bourget Airport,Paris,FR,08 August 2026,2026-08-08,12:00,12:51,52m,"£8,923",8923,GBP,£,9,https://villiers.ai/empty-legs/egkb-lfpb-2026-08-08?id=ADHUHR,https://villiers.ai/empty-legs/egkb-lfpb-2026-08-08?id=ADHUHR,https://villiers.ai/empty-legs/egkb-lfpb-2026-08-08?id=ADHUHR,"Fri, 31 Jul 2026 19:12:54 GMT",2026-08-06T03:47:01+00:00
https://villiers.ai/empty-legs/kcrq-kcoe-2026-08-08?id=ADHUHR,active,unchanged,2026-08-05T22:38:36+00:00,2026-08-06T03:47:01+00:00,,"Citation M2 | McClellan-Palomar Airport → Coeur D'Alene Airport - Pappy Boyington Field | $11,771",,Citation M2,KCRQ - McClellan-Palomar Airport,KCRQ,CLD,Mc Clellan-Palomar Airport,Carlsbad,US,KCOE - Coeur D'Alene Airport - Pappy Boyington Field,KCOE,COE,Coeur D'Alene Airport,Coeur D'Alene,US,08 August 2026,2026-08-08,12:00,14:22,2h 22m,"$11,771",11771,USD,$,7,https://villiers.ai/empty-legs/kcrq-kcoe-2026-08-08?id=ADHUHR,https://villiers.ai/empty-legs/kcrq-kcoe-2026-08-08?id=ADHUHR,https://villiers.ai/empty-legs/kcrq-kcoe-2026-08-08?id=ADHUHR,"Wed, 29 Jul 2026 01:11:08 GMT",2026-08-06T03:47:01+00:00
https://villiers.ai/empty-legs/kcrq-kvgt-2026-08-08?id=ADHUHR,active,unchanged,2026-08-05T22:38:36+00:00,2026-08-06T03:47:01+00:00,,"Beechjet 400XP | McClellan-Palomar Airport → North Las Vegas Metropolitan International Airport | $6,396",,Beechjet 400XP,KCRQ - McClellan-Palomar Airport,KCRQ,CLD,Mc Clellan-Palomar Airport,Carlsbad,US,KVGT - North Las Vegas Metropolitan International Airport,KVGT,VGT,North Las Vegas Airport,Las Vegas,US,08 August 2026,2026-08-08,12:00,12:57,57m,"$6,396",6396,USD,$,8,https://villiers.ai/empty-legs/kcrq-kvgt-2026-08-08?id=ADHUHR,https://villiers.ai/empty-legs/kcrq-kvgt-2026-08-08?id=ADHUHR,https://villiers.ai/empty-legs/kcrq-kvgt-2026-08-08?id=ADHUHR,"Wed, 29 Jul 2026 01:11:08 GMT",2026-08-06T03:47:01+00:00
https://villiers.ai/empty-legs/khou-khum-2026-08-08?id=ADHUHR,active,unchanged,2026-08-05T22:38:36+00:00,2026-08-06T03:47:01+00:00,,"Cessna Citation V | William P. Hobby Airport → Houma Terrebonne Airport | $3,118",,Cessna Citation V,KHOU - William P. Hobby Airport,KHOU,HOU,William P Hobby Airport,Houston,US,KHUM - Houma Terrebonne Airport,KHUM,HUM,Houma-Terrebonne Airport,Houma,US,08 August 2026,2026-08-08,12:00,13:00,1h 1m,"$3,118",3118,USD,$,7,https://villiers.ai/empty-legs/khou-khum-2026-08-08?id=ADHUHR,https://villiers.ai/empty-legs/khou-khum-2026-08-08?id=ADHUHR,https://villiers.ai/empty-legs/khou-khum-2026-08-08?id=ADHUHR,"Wed, 05 Aug 2026 15:25:58 GMT",2026-08-06T03:47:01+00:00
https://villiers.ai/empty-legs/kase-ksdl-2026-08-09?id=ADHUHR,active,unchanged,2026-08-05T22:38:36+00:00,2026-08-06T03:47:01+00:00,,"Gulfstream G200 | Aspen-Pitkin County Airport (Sardy Field) → Scottsdale Airport | $12,846",,Gulfstream G200,KASE - Aspen-Pitkin County Airport (Sardy Field),KASE,ASE,Aspen-Pitkin County/Sardy Field,Aspen,US,KSDL - Scottsdale Airport,KSDL,SCF,Scottsdale Airport,Scottsdale,US,09 August 2026,2026-08-09,12:00,13:22,1h 23m,"$12,846",12846,USD,$,10,https://villiers.ai/empty-legs/kase-ksdl-2026-08-09?id=ADHUHR,https://villiers.ai/empty-legs/kase-ksdl-2026-08-09?id=ADHUHR,https://villiers.ai/empty-legs/kase-ksdl-2026-08-09?id=ADHUHR,"Wed, 29 Jul 2026 01:11:08 GMT",2026-08-06T03:47:01+00:00
https://villiers.ai/empty-legs/kcrq-ktrk-2026-08-09?id=ADHUHR,active,unchanged,2026-08-05T22:38:36+00:00,2026-08-06T03:47:01+00:00,,"Hawker 900XP | McClellan-Palomar Airport → Truckee Tahoe Airport | $10,750",,Hawker 900XP,KCRQ - McClellan-Palomar Airport,KCRQ,CLD,Mc Clellan-Palomar Airport,Carlsbad,US,KTRK - Truckee Tahoe Airport,KTRK,TKF,Truckee-Tahoe Airport,Truckee,US,09 August 2026,2026-08-09,12:00,13:20,1h 21m,"$10,750",10750,USD,$,9,https://villiers.ai/empty-legs/kcrq-ktrk-2026-08-09?id=ADHUHR,https://villiers.ai/empty-legs/kcrq-ktrk-2026-08-09?id=ADHUHR,https://villiers.ai/empty-legs/kcrq-ktrk-2026-08-09?id=ADHUHR,"Wed, 29 Jul 2026 01:11:08 GMT",2026-08-06T03:47:01+00:00
https://villiers.ai/empty-legs/khou-kbbg-2026-08-09?id=ADHUHR,active,unchanged,2026-08-05T22:38:36+00:00,2026-08-06T03:47:01+00:00,,"Cessna Citation Ultra | William P. Hobby Airport → Branson Airport | $4,515",,Cessna Citation Ultra,KHOU - William P. Hobby Airport,KHOU,HOU,William P Hobby Airport,Houston,US,KBBG - Branson Airport,KBBG,BKG,Branson Airport,Branson,US,09 August 2026,2026-08-09,12:00,13:24,1h 24m,"$4,515",4515,USD,$,7,https://villiers.ai/empty-legs/khou-kbbg-2026-08-09?id=ADHUHR,https://villiers.ai/empty-legs/khou-kbbg-2026-08-09?id=ADHUHR,https://villiers.ai/empty-legs/khou-kbbg-2026-08-09?id=ADHUHR,"Sat, 01 Aug 2026 14:40:08 GMT",2026-08-06T03:47:01+00:00
https://villiers.ai/empty-legs/kjac-kcrq-2026-08-09?id=ADHUHR,active,unchanged,2026-08-05T22:38:36+00:00,2026-08-06T03:47:01+00:00,,"Cessna Citation CJ3 | Jackson Hole Airport → McClellan-Palomar Airport | $11,771",,Cessna Citation CJ3,KJAC - Jackson Hole Airport,KJAC,JAC,Jackson Hole Airport,Jackson,US,KCRQ - McClellan-Palomar Airport,KCRQ,CLD,Mc Clellan-Palomar Airport,Carlsbad,US,09 August 2026,2026-08-09,12:00,13:59,1h 59m,"$11,771",11771,USD,$,8,https://villiers.ai/empty-legs/kjac-kcrq-2026-08-09?id=ADHUHR,https://villiers.ai/empty-legs/kjac-kcrq-2026-08-09?id=ADHUHR,https://villiers.ai/empty-legs/kjac-kcrq-2026-08-09?id=ADHUHR,"Tue, 04 Aug 2026 18:21:34 GMT",2026-08-06T03:47:01+00:00
https://villiers.ai/empty-legs/kmco-kbbg-2026-08-09?id=ADHUHR,active,unchanged,2026-08-05T22:38:36+00:00,2026-08-06T03:47:01+00:00,,"Cessna Citation V | Orlando International Airport → Branson Airport | $9,030",,Cessna Citation V,KMCO - Orlando International Airport,KMCO,MCO,Orlando International Airport,Orlando,US,KBBG - Branson Airport,KBBG,BKG,Branson Airport,Branson,US,09 August 2026,2026-08-09,12:00,14:08,2h 9m,"$9,030",9030,USD,$,7,https://villiers.ai/empty-legs/kmco-kbbg-2026-08-09?id=ADHUHR,https://villiers.ai/empty-legs/kmco-kbbg-2026-08-09?id=ADHUHR,https://villiers.ai/empty-legs/kmco-kbbg-2026-08-09?id=ADHUHR,"Wed, 05 Aug 2026 15:25:58 GMT",2026-08-06T03:47:01+00:00
https://villiers.ai/empty-legs/mrlb-kopf-2026-08-10?id=ADHUHR,active,unchanged,2026-08-05T22:38:36+00:00,2026-08-06T03:47:01+00:00,,"Bombardier Challenger 604 | Guanacaste Airport → Miami-Opa Locka Executive Airport | $19,673",,Bombardier Challenger 604,MRLB - Guanacaste Airport,MRLB,LIR,Daniel Oduber Quiros International Airport,Liberia,CR,KOPF - Miami-Opa Locka Executive Airport,KOPF,OPF,Miami-Opa Locka Executive Airport,Miami,US,10 August 2026,2026-08-10,12:00,14:33,2h 33m,"$19,673",19673,USD,$,10,https://villiers.ai/empty-legs/mrlb-kopf-2026-08-10?id=ADHUHR,https://villiers.ai/empty-legs/mrlb-kopf-2026-08-10?id=ADHUHR,https://villiers.ai/empty-legs/mrlb-kopf-2026-08-10?id=ADHUHR,"Tue, 14 Jul 2026 14:09:12 GMT",2026-08-06T03:47:01+00:00
https://villiers.ai/empty-legs/kege-kcrq-2026-08-11?id=ADHUHR,active,unchanged,2026-08-05T22:38:36+00:00,2026-08-06T03:47:01+00:00,,"Cessna Citation Excel/XLS | Eagle County Regional Airport → McClellan-Palomar Airport | $14,996",,Cessna Citation Excel/XLS,KEGE - Eagle County Regional Airport,KEGE,EGE,Eagle County Regional Airport,Eagle,US,KCRQ - McClellan-Palomar Airport,KCRQ,CLD,Mc Clellan-Palomar Airport,Carlsbad,US,11 August 2026,2026-08-11,12:00,13:51,1h 51m,"$14,996",14996,USD,$,,https://villiers.ai/empty-legs/kege-kcrq-2026-08-11?id=ADHUHR,https://villiers.ai/empty-legs/kege-kcrq-2026-08-11?id=ADHUHR,https://villiers.ai/empty-legs/kege-kcrq-2026-08-11?id=ADHUHR,"Tue, 04 Aug 2026 18:21:34 GMT",2026-08-06T03:47:01+00:00
https://villiers.ai/empty-legs/khdn-ktex-2026-08-12?id=ADHUHR,active,unchanged,2026-08-05T22:38:36+00:00,2026-08-06T03:47:01+00:00,,"Cessna Citation Ultra | Yampa Valley Airport → Telluride Regional Airport | $2,795",,Cessna Citation Ultra,KHDN - Yampa Valley Airport,KHDN,HDN,Yampa Valley Airport,Hayden,US,KTEX - Telluride Regional Airport,KTEX,TEX,Telluride Regional Airport,Telluride,US,12 August 2026,2026-08-12,12:00,12:49,50m,"$2,795",2795,USD,$,7,https://villiers.ai/empty-legs/khdn-ktex-2026-08-12?id=ADHUHR,https://villiers.ai/empty-legs/khdn-ktex-2026-08-12?id=ADHUHR,https://villiers.ai/empty-legs/khdn-ktex-2026-08-12?id=ADHUHR,"Sat, 18 Jul 2026 16:59:38 GMT",2026-08-06T03:47:01+00:00
https://villiers.ai/empty-legs/khou-ktex-2026-08-12?id=ADHUHR,active,unchanged,2026-08-05T22:38:36+00:00,2026-08-06T03:47:01+00:00,,"Cessna Citation Ultra | William P. Hobby Airport → Telluride Regional Airport | $9,353",,Cessna Citation Ultra,KHOU - William P. Hobby Airport,KHOU,HOU,William P Hobby Airport,Houston,US,KTEX - Telluride Regional Airport,KTEX,TEX,Telluride Regional Airport,Telluride,US,12 August 2026,2026-08-12,12:00,14:12,2h 12m,"$9,353",9353,USD,$,7,https://villiers.ai/empty-legs/khou-ktex-2026-08-12?id=ADHUHR,https://villiers.ai/empty-legs/khou-ktex-2026-08-12?id=ADHUHR,https://villiers.ai/empty-legs/khou-ktex-2026-08-12?id=ADHUHR,"Tue, 14 Jul 2026 14:09:12 GMT",2026-08-06T03:47:01+00:00
https://villiers.ai/empty-legs/kssi-khou-2026-08-12?id=ADHUHR,active,unchanged,2026-08-05T22:38:36+00:00,2026-08-06T03:47:01+00:00,,"Bombardier Challenger 300 | St Simons Island Airport → William P. Hobby Airport | $15,695",,Bombardier Challenger 300,KSSI - St Simons Island Airport,KSSI,SSI,St Simons Island Airport,St Simons Island,US,KHOU - William P. Hobby Airport,KHOU,HOU,William P Hobby Airport,Houston,US,12 August 2026,2026-08-12,12:00,14:02,2h 2m,"$15,695",15695,USD,$,9,https://villiers.ai/empty-legs/kssi-khou-2026-08-12?id=ADHUHR,https://villiers.ai/empty-legs/kssi-khou-2026-08-12?id=ADHUHR,https://villiers.ai/empty-legs/kssi-khou-2026-08-12?id=ADHUHR,"Mon, 27 Jul 2026 17:11:47 GMT",2026-08-06T03:47:01+00:00
https://villiers.ai/empty-legs/kapc-kcrq-2026-08-13?id=ADHUHR,active,unchanged,2026-08-05T22:38:36+00:00,2026-08-06T03:47:01+00:00,,"Cessna Citation M2 | Napa County Airport → McClellan-Palomar Airport | $6,450",,Cessna Citation M2,KAPC - Napa County Airport,KAPC,APC,Napa County Airport,Napa,US,KCRQ - McClellan-Palomar Airport,KCRQ,CLD,Mc Clellan-Palomar Airport,Carlsbad,US,13 August 2026,2026-08-13,12:00,13:19,1h 20m,"$6,450",6450,USD,$,7,https://villiers.ai/empty-legs/kapc-kcrq-2026-08-13?id=ADHUHR,https://villiers.ai/empty-legs/kapc-kcrq-2026-08-13?id=ADHUHR,https://villiers.ai/empty-legs/kapc-kcrq-2026-08-13?id=ADHUHR,"Tue, 04 Aug 2026 18:21:34 GMT",2026-08-06T03:47:01+00:00
https://villiers.ai/empty-legs/kase-kcrq-2026-08-13?id=ADHUHR,active,unchanged,2026-08-05T22:38:36+00:00,2026-08-06T03:47:01+00:00,,"Cessna Citation CJ3 | Aspen-Pitkin County Airport (Sardy Field) → McClellan-Palomar Airport | $11,771",,Cessna Citation CJ3,KASE - Aspen-Pitkin County Airport (Sardy Field),KASE,ASE,Aspen-Pitkin County/Sardy Field,Aspen,US,KCRQ - McClellan-Palomar Airport,KCRQ,CLD,Mc Clellan-Palomar Airport,Carlsbad,US,13 August 2026,2026-08-13,12:00,13:49,1h 49m,"$11,771",11771,USD,$,8,https://villiers.ai/empty-legs/kase-kcrq-2026-08-13?id=ADHUHR,https://villiers.ai/empty-legs/kase-kcrq-2026-08-13?id=ADHUHR,https://villiers.ai/empty-legs/kase-kcrq-2026-08-13?id=ADHUHR,"Tue, 04 Aug 2026 18:21:34 GMT",2026-08-06T03:47:01+00:00
https://villiers.ai/empty-legs/khou-kftw-2026-08-13?id=ADHUHR,active,unchanged,2026-08-05T22:38:36+00:00,2026-08-06T03:47:01+00:00,,"Bombardier Challenger 604 | William P. Hobby Airport → Fort Worth Meacham International Airport | $6,450",,Bombardier Challenger 604,KHOU - William P. Hobby Airport,KHOU,HOU,William P Hobby Airport,Houston,US,KFTW - Fort Worth Meacham International Airport,KFTW,FTW,Fort Worth Meacham International Airport,Fort Worth,US,13 August 2026,2026-08-13,12:00,12:57,58m,"$6,450",6450,USD,$,10,https://villiers.ai/empty-legs/khou-kftw-2026-08-13?id=ADHUHR,https://villiers.ai/empty-legs/khou-kftw-2026-08-13?id=ADHUHR,https://villiers.ai/empty-legs/khou-kftw-2026-08-13?id=ADHUHR,"Fri, 10 Jul 2026 14:07:10 GMT",2026-08-06T03:47:01+00:00
https://villiers.ai/empty-legs/ktcl-khou-2026-08-13?id=ADHUHR,active,unchanged,2026-08-05T22:38:36+00:00,2026-08-06T03:47:01+00:00,,"Pilatus PC-12 NG | Tuscaloosa National Airport → William P. Hobby Airport | $6,235",,Pilatus PC-12 NG,KTCL - Tuscaloosa National Airport,KTCL,TCL,Tuscaloosa Ntl Airport,Tuscaloosa,US,KHOU - William P. Hobby Airport,KHOU,HOU,William P Hobby Airport,Houston,US,13 August 2026,2026-08-13,12:00,13:27,1h 27m,"$6,235",6235,USD,$,7,https://villiers.ai/empty-legs/ktcl-khou-2026-08-13?id=ADHUHR,https://villiers.ai/empty-legs/ktcl-khou-2026-08-13?id=ADHUHR,https://villiers.ai/empty-legs/ktcl-khou-2026-08-13?id=ADHUHR,"Tue, 28 Jul 2026 14:22:35 GMT",2026-08-06T03:47:01+00:00
https://villiers.ai/empty-legs/mrlb-kdal-2026-08-13?id=ADHUHR,active,unchanged,2026-08-05T22:38:36+00:00,2026-08-06T03:47:01+00:00,,"Bombardier Challenger 604 | Guanacaste Airport → Dallas Love Field | $25,155",,Bombardier Challenger 604,MRLB - Guanacaste Airport,MRLB,LIR,Daniel Oduber Quiros International Airport,Liberia,CR,KDAL - Dallas Love Field,KDAL,DAL,Dallas Love Field,Dallas,US,13 August 2026,2026-08-13,12:00,15:38,3h 38m,"$25,155",25155,USD,$,10,https://villiers.ai/empty-legs/mrlb-kdal-2026-08-13?id=ADHUHR,https://villiers.ai/empty-legs/mrlb-kdal-2026-08-13?id=ADHUHR,https://villiers.ai/empty-legs/mrlb-kdal-2026-08-13?id=ADHUHR,"Tue, 07 Jul 2026 13:58:53 GMT",2026-08-06T03:47:01+00:00
https://villiers.ai/empty-legs/eghi-leib-2026-08-14?id=ADHUHR,active,unchanged,2026-08-05T22:38:36+00:00,2026-08-06T03:47:01+00:00,,"Embraer Phenom 300E | Southampton Airport → Ibiza Airport | £7,203",,Embraer Phenom 300E,EGHI - Southampton Airport,EGHI,SOU,Southampton Airport,Southampton,GB,LEIB - Ibiza Airport,LEIB,IBZ,Ibiza Airport,Ibiza,ES,14 August 2026,2026-08-14,12:00,14:03,2h 4m,"£7,203",7203,GBP,£,9,https://villiers.ai/empty-legs/eghi-leib-2026-08-14?id=ADHUHR,https://villiers.ai/empty-legs/eghi-leib-2026-08-14?id=ADHUHR,https://villiers.ai/empty-legs/eghi-leib-2026-08-14?id=ADHUHR,"Fri, 31 Jul 2026 19:12:54 GMT",2026-08-06T03:47:01+00:00
https://villiers.ai/empty-legs/kefd-kssi-2026-08-14?id=ADHUHR,active,unchanged,2026-08-05T22:38:36+00:00,2026-08-06T03:47:01+00:00,,"Gulfstream G280 | Ellington Airport → St Simons Island Airport | $13,438",,Gulfstream G280,KEFD - Ellington Airport,KEFD,EFD,Ellington Airport,Houston,US,KSSI - St Simons Island Airport,KSSI,SSI,St Simons Island Airport,St Simons Island,US,14 August 2026,2026-08-14,12:00,14:01,2h 2m,"$13,438",13438,USD,$,10,https://villiers.ai/empty-legs/kefd-kssi-2026-08-14?id=ADHUHR,https://villiers.ai/empty-legs/kefd-kssi-2026-08-14?id=ADHUHR,https://villiers.ai/empty-legs/kefd-kssi-2026-08-14?id=ADHUHR,"Wed, 05 Aug 2026 15:25:58 GMT",2026-08-06T03:47:01+00:00
https://villiers.ai/empty-legs/khou-kssi-2026-08-14?id=ADHUHR,active,unchanged,2026-08-05T22:38:36+00:00,2026-08-06T03:47:01+00:00,,"Gulfstream G280 | William P. Hobby Airport → St Simons Island Airport | $13,438",,Gulfstream G280,KHOU - William P. Hobby Airport,KHOU,HOU,William P Hobby Airport,Houston,US,KSSI - St Simons Island Airport,KSSI,SSI,St Simons Island Airport,St Simons Island,US,14 August 2026,2026-08-14,12:00,14:02,2h 2m,"$13,438",13438,USD,$,10,https://villiers.ai/empty-legs/khou-kssi-2026-08-14?id=ADHUHR,https://villiers.ai/empty-legs/khou-kssi-2026-08-14?id=ADHUHR,https://villiers.ai/empty-legs/khou-kssi-2026-08-14?id=ADHUHR,"Mon, 27 Jul 2026 17:11:47 GMT",2026-08-06T03:47:01+00:00
https://villiers.ai/empty-legs/krno-klas-bombardier-challenger-604-20260814-26e4791d?id=ADHUHR,active,unchanged,2026-08-05T22:38:36+00:00,2026-08-06T03:47:01+00:00,,"Bombardier Challenger 604 | Reno Tahoe International Airport → Harry Reid International Airport | $7,260",,Bombardier Challenger 604,KRNO - Reno Tahoe International Airport,KRNO,RNO,Reno/Tahoe International Airport,Reno,US,KLAS - Harry Reid International Airport,KLAS,LAS,Harry Reid International Airport,Las Vegas,US,14 August 2026,2026-08-14,12:00,13:08,1h 8m,"$7,260",7260,USD,$,10,https://villiers.ai/empty-legs/krno-klas-bombardier-challenger-604-20260814-26e4791d?id=ADHUHR,https://villiers.ai/empty-legs/krno-klas-bombardier-challenger-604-20260814-26e4791d?id=ADHUHR,https://villiers.ai/empty-legs/krno-klas-bombardier-challenger-604-20260814-26e4791d?id=ADHUHR,"Fri, 10 Apr 2026 04:04:40 GMT",2026-08-06T03:47:01+00:00
https://villiers.ai/empty-legs/eglf-edry-2026-08-15?id=ADHUHR,active,unchanged,2026-08-05T22:38:36+00:00,2026-08-06T03:47:01+00:00,,"Citation XLS+ | Farnborough Airport → Speyer Airfield | £10,890",,Citation XLS+,EGLF - Farnborough Airport,EGLF,FAB,Farnborough Airport,Farnborough,GB,EDRY - Speyer Airfield,EDRY,,Speyer Airport,Speyer,DE,15 August 2026,2026-08-15,12:00,13:17,1h 18m,"£10,890",10890,GBP,£,7,https://villiers.ai/empty-legs/eglf-edry-2026-08-15?id=ADHUHR,https://villiers.ai/empty-legs/eglf-edry-2026-08-15?id=ADHUHR,https://villiers.ai/empty-legs/eglf-edry-2026-08-15?id=ADHUHR,"Fri, 26 Jun 2026 18:54:16 GMT",2026-08-06T03:47:01+00:00
https://villiers.ai/empty-legs/eglf-lege-2026-08-15?id=ADHUHR,active,unchanged,2026-08-05T22:38:36+00:00,2026-08-06T03:47:01+00:00,,"Phenom 300 | Farnborough Airport → Girona-Costa Brava Airport | £10,450",,Phenom 300,EGLF - Farnborough Airport,EGLF,FAB,Farnborough Airport,Farnborough,GB,LEGE - Girona-Costa Brava Airport,LEGE,GRO,Girona Airport,Girona,ES,15 August 2026,2026-08-15,12:00,13:44,1h 44m,"£10,450",10450,GBP,£,9,https://villiers.ai/empty-legs/eglf-lege-2026-08-15?id=ADHUHR,https://villiers.ai/empty-legs/eglf-lege-2026-08-15?id=ADHUHR,https://villiers.ai/empty-legs/eglf-lege-2026-08-15?id=ADHUHR,"Fri, 26 Jun 2026 18:54:16 GMT",2026-08-06T03:47:01+00:00
https://villiers.ai/empty-legs/khou-kdal-2026-08-15?id=ADHUHR,active,unchanged,2026-08-05T22:38:36+00:00,2026-08-06T03:47:01+00:00,,"Cessna Citation V | William P. Hobby Airport → Dallas Love Field | $3,118",,Cessna Citation V,KHOU - William P. Hobby Airport,KHOU,HOU,William P Hobby Airport,Houston,US,KDAL - Dallas Love Field,KDAL,DAL,Dallas Love Field,Dallas,US,15 August 2026,2026-08-15,12:00,12:56,57m,"$3,118",3118,USD,$,7,https://villiers.ai/empty-legs/khou-kdal-2026-08-15?id=ADHUHR,https://villiers.ai/empty-legs/khou-kdal-2026-08-15?id=ADHUHR,https://villiers.ai/empty-legs/khou-kdal-2026-08-15?id=ADHUHR,"Wed, 05 Aug 2026 15:25:58 GMT",2026-08-06T03:47:01+00:00
https://villiers.ai/empty-legs/khou-kase-2026-08-16?id=ADHUHR,active,unchanged,2026-08-05T22:38:36+00:00,2026-08-06T03:47:01+00:00,,"Cessna Citation Excel | William P. Hobby Airport → Aspen-Pitkin County Airport (Sardy Field) | $13,115",,Cessna Citation Excel,KHOU - William P. Hobby Airport,KHOU,HOU,William P Hobby Airport,Houston,US,KASE - Aspen-Pitkin County Airport (Sardy Field),KASE,ASE,Aspen-Pitkin County/Sardy Field,Aspen,US,16 August 2026,2026-08-16,12:00,14:13,2h 14m,"$13,115",13115,USD,$,9,https://villiers.ai/empty-legs/khou-kase-2026-08-16?id=ADHUHR,https://villiers.ai/empty-legs/khou-kase-2026-08-16?id=ADHUHR,https://villiers.ai/empty-legs/khou-kase-2026-08-16?id=ADHUHR,"Mon, 27 Jul 2026 17:11:47 GMT",2026-08-06T03:47:01+00:00
https://villiers.ai/empty-legs/kopf-mrlb-2026-08-16?id=ADHUHR,active,unchanged,2026-08-05T22:38:36+00:00,2026-08-06T03:47:01+00:00,,"Bombardier Challenger 604 | Miami-Opa Locka Executive Airport → Guanacaste Airport | $20,425",,Bombardier Challenger 604,KOPF - Miami-Opa Locka Executive Airport,KOPF,OPF,Miami-Opa Locka Executive Airport,Miami,US,MRLB - Guanacaste Airport,MRLB,LIR,Daniel Oduber Quiros International Airport,Liberia,CR,16 August 2026,2026-08-16,12:00,14:33,2h 33m,"$20,425",20425,USD,$,10,https://villiers.ai/empty-legs/kopf-mrlb-2026-08-16?id=ADHUHR,https://villiers.ai/empty-legs/kopf-mrlb-2026-08-16?id=ADHUHR,https://villiers.ai/empty-legs/kopf-mrlb-2026-08-16?id=ADHUHR,"Tue, 14 Jul 2026 14:09:12 GMT",2026-08-06T03:47:01+00:00
https://villiers.ai/empty-legs/kege-khou-2026-08-18?id=ADHUHR,active,unchanged,2026-08-05T22:38:36+00:00,2026-08-06T03:47:01+00:00,,"Pilatus PC 12 NG | Eagle County Regional Airport → William P. Hobby Airport | $7,740",,Pilatus PC 12 NG,KEGE - Eagle County Regional Airport,KEGE,EGE,Eagle County Regional Airport,Eagle,US,KHOU - William P. Hobby Airport,KHOU,HOU,William P Hobby Airport,Houston,US,18 August 2026,2026-08-18,12:00,14:15,2h 16m,"$7,740",7740,USD,$,7,https://villiers.ai/empty-legs/kege-khou-2026-08-18?id=ADHUHR,https://villiers.ai/empty-legs/kege-khou-2026-08-18?id=ADHUHR,https://villiers.ai/empty-legs/kege-khou-2026-08-18?id=ADHUHR,"Thu, 30 Jul 2026 02:41:56 GMT",2026-08-06T03:47:01+00:00
https://villiers.ai/empty-legs/egkb-lowk-2026-08-20?id=ADHUHR,active,unchanged,2026-08-05T22:38:36+00:00,2026-08-06T03:47:01+00:00,,"Citation CJ2 | Biggin Hill Airport → Klagenfurt Airport | £7,418",,Citation CJ2,EGKB - Biggin Hill Airport,EGKB,BQH,London Biggin Hill Airport,London,GB,LOWK - Klagenfurt Airport,LOWK,KLU,Klagenfurt Airport,Klagenfurt am Worthersee,AT,20 August 2026,2026-08-20,12:00,13:50,1h 50m,"£7,418",7418,GBP,£,6,https://villiers.ai/empty-legs/egkb-lowk-2026-08-20?id=ADHUHR,https://villiers.ai/empty-legs/egkb-lowk-2026-08-20?id=ADHUHR,https://villiers.ai/empty-legs/egkb-lowk-2026-08-20?id=ADHUHR,"Fri, 10 Jul 2026 18:21:55 GMT",2026-08-06T03:47:01+00:00
https://villiers.ai/empty-legs/khou-kaus-2026-08-21?id=ADHUHR,active,unchanged,2026-08-05T22:38:36+00:00,2026-08-06T03:47:01+00:00,,"Bombardier Challenger 300 | William P. Hobby Airport → Austin Bergstrom International Airport | $6,450",,Bombardier Challenger 300,KHOU - William P. Hobby Airport,KHOU,HOU,William P Hobby Airport,Houston,US,KAUS - Austin Bergstrom International Airport,KAUS,AUS,Austin-Bergstrom International Airport,Austin,US,21 August 2026,2026-08-21,12:00,12:46,46m,"$6,450",6450,USD,$,9,https://villiers.ai/empty-legs/khou-kaus-2026-08-21?id=ADHUHR,https://villiers.ai/empty-legs/khou-kaus-2026-08-21?id=ADHUHR,https://villiers.ai/empty-legs/khou-kaus-2026-08-21?id=ADHUHR,"Wed, 05 Aug 2026 15:25:58 GMT",2026-08-06T03:47:01+00:00
https://villiers.ai/empty-legs/khou-kege-2026-08-23?id=ADHUHR,active,unchanged,2026-08-05T22:38:36+00:00,2026-08-06T03:47:01+00:00,,"Pilatus PC 12 NG | William P. Hobby Airport → Eagle County Regional Airport | $10,535",,Pilatus PC 12 NG,KHOU - William P. Hobby Airport,KHOU,HOU,William P Hobby Airport,Houston,US,KEGE - Eagle County Regional Airport,KEGE,EGE,Eagle County Regional Airport,Eagle,US,23 August 2026,2026-08-23,12:00,14:15,2h 16m,"$10,535",10535,USD,$,7,https://villiers.ai/empty-legs/khou-kege-2026-08-23?id=ADHUHR,https://villiers.ai/empty-legs/khou-kege-2026-08-23?id=ADHUHR,https://villiers.ai/empty-legs/khou-kege-2026-08-23?id=ADHUHR,"Thu, 30 Jul 2026 02:41:56 GMT",2026-08-06T03:47:01+00:00
https://villiers.ai/empty-legs/kaus-khou-2026-08-24?id=ADHUHR,active,unchanged,2026-08-05T22:38:36+00:00,2026-08-06T03:47:01+00:00,,"Bombardier Challenger 300 | Austin Bergstrom International Airport → William P. Hobby Airport | $6,450",,Bombardier Challenger 300,KAUS - Austin Bergstrom International Airport,KAUS,AUS,Austin-Bergstrom International Airport,Austin,US,KHOU - William P. Hobby Airport,KHOU,HOU,William P Hobby Airport,Houston,US,24 August 2026,2026-08-24,12:00,12:46,46m,"$6,450",6450,USD,$,9,https://villiers.ai/empty-legs/kaus-khou-2026-08-24?id=ADHUHR,https://villiers.ai/empty-legs/kaus-khou-2026-08-24?id=ADHUHR,https://villiers.ai/empty-legs/kaus-khou-2026-08-24?id=ADHUHR,"Wed, 05 Aug 2026 15:25:58 GMT",2026-08-06T03:47:01+00:00
https://villiers.ai/empty-legs/khou-kbna-2026-08-24?id=ADHUHR,active,unchanged,2026-08-05T22:38:36+00:00,2026-08-06T03:47:01+00:00,,"Gulfstream G280 | William P. Hobby Airport → Nashville International Airport | $11,073",,Gulfstream G280,KHOU - William P. Hobby Airport,KHOU,HOU,William P Hobby Airport,Houston,US,KBNA - Nashville International Airport,KBNA,BNA,Nashville International Airport,Nashville,US,24 August 2026,2026-08-24,12:00,13:44,1h 44m,"$11,073",11073,USD,$,10,https://villiers.ai/empty-legs/khou-kbna-2026-08-24?id=ADHUHR,https://villiers.ai/empty-legs/khou-kbna-2026-08-24?id=ADHUHR,https://villiers.ai/empty-legs/khou-kbna-2026-08-24?id=ADHUHR,"Thu, 30 Jul 2026 02:41:56 GMT",2026-08-06T03:47:01+00:00
https://villiers.ai/empty-legs/kdal-mrlb-2026-08-25?id=ADHUHR,active,unchanged,2026-08-05T22:38:36+00:00,2026-08-06T03:47:01+00:00,,"Bombardier Challenger 604 | Dallas Love Field → Guanacaste Airport | $23,220",,Bombardier Challenger 604,KDAL - Dallas Love Field,KDAL,DAL,Dallas Love Field,Dallas,US,MRLB - Guanacaste Airport,MRLB,LIR,Daniel Oduber Quiros International Airport,Liberia,CR,25 August 2026,2026-08-25,12:00,15:38,3h 38m,"$23,220",23220,USD,$,10,https://villiers.ai/empty-legs/kdal-mrlb-2026-08-25?id=ADHUHR,https://villiers.ai/empty-legs/kdal-mrlb-2026-08-25?id=ADHUHR,https://villiers.ai/empty-legs/kdal-mrlb-2026-08-25?id=ADHUHR,"Tue, 07 Jul 2026 13:58:53 GMT",2026-08-06T03:47:01+00:00
https://villiers.ai/empty-legs/khou-kftw-2026-08-27?id=ADHUHR,active,unchanged,2026-08-05T22:38:36+00:00,2026-08-06T03:47:01+00:00,,"Bombardier Challenger 604 | William P. Hobby Airport → Fort Worth Meacham International Airport | $7,095",,Bombardier Challenger 604,KHOU - William P. Hobby Airport,KHOU,HOU,William P Hobby Airport,Houston,US,KFTW - Fort Worth Meacham International Airport,KFTW,FTW,Fort Worth Meacham International Airport,Fort Worth,US,27 August 2026,2026-08-27,12:00,12:57,58m,"$7,095",7095,USD,$,10,https://villiers.ai/empty-legs/khou-kftw-2026-08-27?id=ADHUHR,https://villiers.ai/empty-legs/khou-kftw-2026-08-27?id=ADHUHR,https://villiers.ai/empty-legs/khou-kftw-2026-08-27?id=ADHUHR,"Wed, 15 Jul 2026 14:20:14 GMT",2026-08-06T03:47:01+00:00
https://villiers.ai/empty-legs/kftw-khou-2026-08-28?id=ADHUHR,active,unchanged,2026-08-05T22:38:36+00:00,2026-08-06T03:47:01+00:00,,"Bombardier Challenger 604 | Fort Worth Meacham International Airport → William P. Hobby Airport | $6,343",,Bombardier Challenger 604,KFTW - Fort Worth Meacham International Airport,KFTW,FTW,Fort Worth Meacham International Airport,Fort Worth,US,KHOU - William P. Hobby Airport,KHOU,HOU,William P Hobby Airport,Houston,US,28 August 2026,2026-08-28,12:00,12:57,58m,"$6,343",6343,USD,$,10,https://villiers.ai/empty-legs/kftw-khou-2026-08-28?id=ADHUHR,https://villiers.ai/empty-legs/kftw-khou-2026-08-28?id=ADHUHR,https://villiers.ai/empty-legs/kftw-khou-2026-08-28?id=ADHUHR,"Thu, 30 Jul 2026 14:21:38 GMT",2026-08-06T03:47:01+00:00
https://villiers.ai/empty-legs/eglf-lfpb-2026-08-30?id=ADHUHR,active,unchanged,2026-08-05T22:38:36+00:00,2026-08-06T03:47:01+00:00,,"Citation XLS+ | Farnborough Airport → Paris Le Bourget Airport | £10,213",,Citation XLS+,EGLF - Farnborough Airport,EGLF,FAB,Farnborough Airport,Farnborough,GB,LFPB - Paris Le Bourget Airport,LFPB,LBG,Paris-Le Bourget Airport,Paris,FR,30 August 2026,2026-08-30,12:00,12:53,54m,"£10,213",10213,GBP,£,7,https://villiers.ai/empty-legs/eglf-lfpb-2026-08-30?id=ADHUHR,https://villiers.ai/empty-legs/eglf-lfpb-2026-08-30?id=ADHUHR,https://villiers.ai/empty-legs/eglf-lfpb-2026-08-30?id=ADHUHR,"Fri, 17 Jul 2026 22:25:16 GMT",2026-08-06T03:47:01+00:00
https://villiers.ai/empty-legs/kmdw-kopf-2026-09-04?id=ADHUHR,active,unchanged,2026-08-05T22:38:36+00:00,2026-08-06T03:47:01+00:00,,"Bombardier Challenger 300 | Chicago Midway International Airport → Miami-Opa Locka Executive Airport | $15,840",,Bombardier Challenger 300,KMDW - Chicago Midway International Airport,KMDW,MDW,Chicago Midway International Airport,Chicago,US,KOPF - Miami-Opa Locka Executive Airport,KOPF,OPF,Miami-Opa Locka Executive Airport,Miami,US,04 September 2026,2026-09-04,12:00,14:40,2h 41m,"$15,840",15840,USD,$,9,https://villiers.ai/empty-legs/kmdw-kopf-2026-09-04?id=ADHUHR,https://villiers.ai/empty-legs/kmdw-kopf-2026-09-04?id=ADHUHR,https://villiers.ai/empty-legs/kmdw-kopf-2026-09-04?id=ADHUHR,"Sat, 06 Jun 2026 23:56:41 GMT",2026-08-06T03:47:01+00:00
https://villiers.ai/empty-legs/kpil-khou-2026-09-04?id=ADHUHR,active,unchanged,2026-08-05T22:38:36+00:00,2026-08-06T03:47:01+00:00,,"Pilatus PC-12 NG | Port Isabel Cameron County Airport → William P. Hobby Airport | $2,860",,Pilatus PC-12 NG,KPIL - Port Isabel Cameron County Airport,KPIL,,Cameron County Airport,Port Isabel,US,KHOU - William P. Hobby Airport,KHOU,HOU,William P Hobby Airport,Houston,US,04 September 2026,2026-09-04,12:00,13:00,1h 0m,"$2,860",2860,USD,$,7,https://villiers.ai/empty-legs/kpil-khou-2026-09-04?id=ADHUHR,https://villiers.ai/empty-legs/kpil-khou-2026-09-04?id=ADHUHR,https://villiers.ai/empty-legs/kpil-khou-2026-09-04?id=ADHUHR,"Tue, 09 Jun 2026 06:25:29 GMT",2026-08-06T03:47:01+00:00
https://villiers.ai/empty-legs/kpil-kiws-2026-09-04?id=ADHUHR,active,unchanged,2026-08-05T22:38:36+00:00,2026-08-06T03:47:01+00:00,,"Pilatus PC 12 NG | Port Isabel Cameron County Airport → West Houston Airport | $2,860",,Pilatus PC 12 NG,KPIL - Port Isabel Cameron County Airport,KPIL,,Cameron County Airport,Port Isabel,US,KIWS - West Houston Airport,KIWS,IWS,West Houston Airport,Houston,US,04 September 2026,2026-09-04,12:00,13:00,1h 0m,"$2,860",2860,USD,$,7,https://villiers.ai/empty-legs/kpil-kiws-2026-09-04?id=ADHUHR,https://villiers.ai/empty-legs/kpil-kiws-2026-09-04?id=ADHUHR,https://villiers.ai/empty-legs/kpil-kiws-2026-09-04?id=ADHUHR,"Tue, 24 Mar 2026 12:35:16 GMT",2026-08-06T03:47:01+00:00
https://villiers.ai/empty-legs/khou-kftw-2026-09-08?id=ADHUHR,active,unchanged,2026-08-05T22:38:36+00:00,2026-08-06T03:47:01+00:00,,"Cessna Citation V | William P. Hobby Airport → Fort Worth Meacham International Airport | $3,440",,Cessna Citation V,KHOU - William P. Hobby Airport,KHOU,HOU,William P Hobby Airport,Houston,US,KFTW - Fort Worth Meacham International Airport,KFTW,FTW,Fort Worth Meacham International Airport,Fort Worth,US,08 September 2026,2026-09-08,12:00,12:57,58m,"$3,440",3440,USD,$,7,https://villiers.ai/empty-legs/khou-kftw-2026-09-08?id=ADHUHR,https://villiers.ai/empty-legs/khou-kftw-2026-09-08?id=ADHUHR,https://villiers.ai/empty-legs/khou-kftw-2026-09-08?id=ADHUHR,"Thu, 30 Jul 2026 02:41:57 GMT",2026-08-06T03:47:01+00:00
https://villiers.ai/empty-legs/kopf-kmdw-2026-09-08?id=ADHUHR,active,unchanged,2026-08-05T22:38:36+00:00,2026-08-06T03:47:01+00:00,,"Bombardier Challenger 300 | Miami-Opa Locka Executive Airport → Chicago Midway International Airport | $16,500",,Bombardier Challenger 300,KOPF - Miami-Opa Locka Executive Airport,KOPF,OPF,Miami-Opa Locka Executive Airport,Miami,US,KMDW - Chicago Midway International Airport,KMDW,MDW,Chicago Midway International Airport,Chicago,US,08 September 2026,2026-09-08,12:00,14:40,2h 41m,"$16,500",16500,USD,$,9,https://villiers.ai/empty-legs/kopf-kmdw-2026-09-08?id=ADHUHR,https://villiers.ai/empty-legs/kopf-kmdw-2026-09-08?id=ADHUHR,https://villiers.ai/empty-legs/kopf-kmdw-2026-09-08?id=ADHUHR,"Sat, 06 Jun 2026 23:56:41 GMT",2026-08-06T03:47:01+00:00
https://villiers.ai/empty-legs/kiws-kpil-2026-09-10?id=ADHUHR,active,unchanged,2026-08-05T22:38:36+00:00,2026-08-06T03:47:01+00:00,,"Pilatus PC 12 NG | West Houston Airport → Port Isabel Cameron County Airport | $3,520",,Pilatus PC 12 NG,KIWS - West Houston Airport,KIWS,IWS,West Houston Airport,Houston,US,KPIL - Port Isabel Cameron County Airport,KPIL,,Cameron County Airport,Port Isabel,US,10 September 2026,2026-09-10,12:00,13:00,1h 0m,"$3,520",3520,USD,$,7,https://villiers.ai/empty-legs/kiws-kpil-2026-09-10?id=ADHUHR,https://villiers.ai/empty-legs/kiws-kpil-2026-09-10?id=ADHUHR,https://villiers.ai/empty-legs/kiws-kpil-2026-09-10?id=ADHUHR,"Tue, 24 Mar 2026 12:35:16 GMT",2026-08-06T03:47:01+00:00
https://villiers.ai/empty-legs/kftw-khou-2026-09-11?id=ADHUHR,active,unchanged,2026-08-05T22:38:36+00:00,2026-08-06T03:47:01+00:00,,"Cessna Citation V | Fort Worth Meacham International Airport → William P. Hobby Airport | $3,118",,Cessna Citation V,KFTW - Fort Worth Meacham International Airport,KFTW,FTW,Fort Worth Meacham International Airport,Fort Worth,US,KHOU - William P. Hobby Airport,KHOU,HOU,William P Hobby Airport,Houston,US,11 September 2026,2026-09-11,12:00,12:57,58m,"$3,118",3118,USD,$,7,https://villiers.ai/empty-legs/kftw-khou-2026-09-11?id=ADHUHR,https://villiers.ai/empty-legs/kftw-khou-2026-09-11?id=ADHUHR,https://villiers.ai/empty-legs/kftw-khou-2026-09-11?id=ADHUHR,"Thu, 30 Jul 2026 02:41:57 GMT",2026-08-06T03:47:01+00:00
https://villiers.ai/empty-legs/kuox-khou-2026-10-15?id=ADHUHR,active,unchanged,2026-08-05T22:38:36+00:00,2026-08-06T03:47:01+00:00,,"Cessna Citation V | University Oxford Airport → William P. Hobby Airport | $5,590",,Cessna Citation V,KUOX - University Oxford Airport,KUOX,UOX,University-Oxford Airport,Oxford,US,KHOU - William P. Hobby Airport,KHOU,HOU,William P Hobby Airport,Houston,US,15 October 2026,2026-10-15,12:00,13:22,1h 22m,"$5,590",5590,USD,$,7,https://villiers.ai/empty-legs/kuox-khou-2026-10-15?id=ADHUHR,https://villiers.ai/empty-legs/kuox-khou-2026-10-15?id=ADHUHR,https://villiers.ai/empty-legs/kuox-khou-2026-10-15?id=ADHUHR,"Mon, 27 Jul 2026 17:11:47 GMT",2026-08-06T03:47:01+00:00
https://villiers.ai/empty-legs/khou-kuox-2026-10-18?id=ADHUHR,active,unchanged,2026-08-05T22:38:36+00:00,2026-08-06T03:47:01+00:00,,"Cessna Citation V | William P. Hobby Airport → University Oxford Airport | $4,515",,Cessna Citation V,KHOU - William P. Hobby Airport,KHOU,HOU,William P Hobby Airport,Houston,US,KUOX - University Oxford Airport,KUOX,UOX,University-Oxford Airport,Oxford,US,18 October 2026,2026-10-18,12:00,13:22,1h 22m,"$4,515",4515,USD,$,7,https://villiers.ai/empty-legs/khou-kuox-2026-10-18?id=ADHUHR,https://villiers.ai/empty-legs/khou-kuox-2026-10-18?id=ADHUHR,https://villiers.ai/empty-legs/khou-kuox-2026-10-18?id=ADHUHR,"Mon, 27 Jul 2026 17:11:47 GMT",2026-08-06T03:47:01+00:00
https://villiers.ai/empty-legs/khpn-kesn-2026-10-18?id=ADHUHR,active,unchanged,2026-08-05T22:38:36+00:00,2026-08-06T03:47:01+00:00,,"Cessna Citation Excel | Westchester County Airport → Easton Airport / Newnam Field | $4,408",,Cessna Citation Excel,KHPN - Westchester County Airport,KHPN,HPN,Westchester County Airport,White Plains,US,KESN - Easton Airport / Newnam Field,KESN,ESN,Easton/Newnam Field,Easton,US,18 October 2026,2026-10-18,12:00,12:52,52m,"$4,408",4408,USD,$,9,https://villiers.ai/empty-legs/khpn-kesn-2026-10-18?id=ADHUHR,https://villiers.ai/empty-legs/khpn-kesn-2026-10-18?id=ADHUHR,https://villiers.ai/empty-legs/khpn-kesn-2026-10-18?id=ADHUHR,"Thu, 16 Jul 2026 14:21:55 GMT",2026-08-06T03:47:01+00:00
https://villiers.ai/empty-legs/kuox-khou-2026-10-29?id=ADHUHR,active,unchanged,2026-08-05T22:38:36+00:00,2026-08-06T03:47:01+00:00,,"Cessna Citation V | University Oxford Airport → William P. Hobby Airport | $5,590",,Cessna Citation V,KUOX - University Oxford Airport,KUOX,UOX,University-Oxford Airport,Oxford,US,KHOU - William P. Hobby Airport,KHOU,HOU,William P Hobby Airport,Houston,US,29 October 2026,2026-10-29,12:00,13:22,1h 22m,"$5,590",5590,USD,$,7,https://villiers.ai/empty-legs/kuox-khou-2026-10-29?id=ADHUHR,https://villiers.ai/empty-legs/kuox-khou-2026-10-29?id=ADHUHR,https://villiers.ai/empty-legs/kuox-khou-2026-10-29?id=ADHUHR,"Mon, 27 Jul 2026 17:11:47 GMT",2026-08-06T03:47:01+00:00
https://villiers.ai/empty-legs/khou-kuox-2026-11-01?id=ADHUHR,active,unchanged,2026-08-05T22:38:36+00:00,2026-08-06T03:47:01+00:00,,"Cessna Citation V | William P. Hobby Airport → University Oxford Airport | $4,515",,Cessna Citation V,KHOU - William P. Hobby Airport,KHOU,HOU,William P Hobby Airport,Houston,US,KUOX - University Oxford Airport,KUOX,UOX,University-Oxford Airport,Oxford,US,01 November 2026,2026-11-01,12:00,13:22,1h 22m,"$4,515",4515,USD,$,7,https://villiers.ai/empty-legs/khou-kuox-2026-11-01?id=ADHUHR,https://villiers.ai/empty-legs/khou-kuox-2026-11-01?id=ADHUHR,https://villiers.ai/empty-legs/khou-kuox-2026-11-01?id=ADHUHR,"Tue, 28 Jul 2026 14:22:35 GMT",2026-08-06T03:47:01+00:00
https://villiers.ai/empty-legs/kuox-khou-2026-11-05?id=ADHUHR,active,unchanged,2026-08-05T22:38:36+00:00,2026-08-06T03:47:01+00:00,,"Cessna Citation Ultra | University Oxford Airport → William P. Hobby Airport | $5,160",,Cessna Citation Ultra,KUOX - University Oxford Airport,KUOX,UOX,University-Oxford Airport,Oxford,US,KHOU - William P. Hobby Airport,KHOU,HOU,William P Hobby Airport,Houston,US,05 November 2026,2026-11-05,12:00,13:22,1h 22m,"$5,160",5160,USD,$,7,https://villiers.ai/empty-legs/kuox-khou-2026-11-05?id=ADHUHR,https://villiers.ai/empty-legs/kuox-khou-2026-11-05?id=ADHUHR,https://villiers.ai/empty-legs/kuox-khou-2026-11-05?id=ADHUHR,"Sat, 01 Aug 2026 14:40:08 GMT",2026-08-06T03:47:01+00:00
https://villiers.ai/empty-legs/kiws-kdal-2026-11-07?id=ADHUHR,active,unchanged,2026-08-05T22:38:36+00:00,2026-08-06T03:47:01+00:00,,"Pilatus PC 12 NG | West Houston Airport → Dallas Love Field | $2,580",,Pilatus PC 12 NG,KIWS - West Houston Airport,KIWS,IWS,West Houston Airport,Houston,US,KDAL - Dallas Love Field,KDAL,DAL,Dallas Love Field,Dallas,US,07 November 2026,2026-11-07,12:00,12:54,54m,"$2,580",2580,USD,$,7,https://villiers.ai/empty-legs/kiws-kdal-2026-11-07?id=ADHUHR,https://villiers.ai/empty-legs/kiws-kdal-2026-11-07?id=ADHUHR,https://villiers.ai/empty-legs/kiws-kdal-2026-11-07?id=ADHUHR,"Tue, 14 Jul 2026 14:09:12 GMT",2026-08-06T03:47:01+00:00
https://villiers.ai/empty-legs/kdal-kiws-2026-11-08?id=ADHUHR,active,unchanged,2026-08-05T22:38:36+00:00,2026-08-06T03:47:01+00:00,,"Pilatus PC 12 NG | Dallas Love Field → West Houston Airport | $2,580",,Pilatus PC 12 NG,KDAL - Dallas Love Field,KDAL,DAL,Dallas Love Field,Dallas,US,KIWS - West Houston Airport,KIWS,IWS,West Houston Airport,Houston,US,08 November 2026,2026-11-08,12:00,12:54,54m,"$2,580",2580,USD,$,7,https://villiers.ai/empty-legs/kdal-kiws-2026-11-08?id=ADHUHR,https://villiers.ai/empty-legs/kdal-kiws-2026-11-08?id=ADHUHR,https://villiers.ai/empty-legs/kdal-kiws-2026-11-08?id=ADHUHR,"Tue, 14 Jul 2026 14:09:12 GMT",2026-08-06T03:47:01+00:00
https://villiers.ai/empty-legs/khou-kuox-2026-11-08?id=ADHUHR,active,unchanged,2026-08-05T22:38:36+00:00,2026-08-06T03:47:01+00:00,,"Cessna Citation Ultra | William P. Hobby Airport → University Oxford Airport | $4,515",,Cessna Citation Ultra,KHOU - William P. Hobby Airport,KHOU,HOU,William P Hobby Airport,Houston,US,KUOX - University Oxford Airport,KUOX,UOX,University-Oxford Airport,Oxford,US,08 November 2026,2026-11-08,12:00,13:22,1h 22m,"$4,515",4515,USD,$,7,https://villiers.ai/empty-legs/khou-kuox-2026-11-08?id=ADHUHR,https://villiers.ai/empty-legs/khou-kuox-2026-11-08?id=ADHUHR,https://villiers.ai/empty-legs/khou-kuox-2026-11-08?id=ADHUHR,"Mon, 27 Jul 2026 17:11:47 GMT",2026-08-06T03:47:01+00:00
https://villiers.ai/empty-legs/kdal-khou-2026-11-13?id=ADHUHR,active,unchanged,2026-08-05T22:38:36+00:00,2026-08-06T03:47:01+00:00,,"Cessna Citation Ultra | Dallas Love Field → William P. Hobby Airport | $2,860",,Cessna Citation Ultra,KDAL - Dallas Love Field,KDAL,DAL,Dallas Love Field,Dallas,US,KHOU - William P. Hobby Airport,KHOU,HOU,William P Hobby Airport,Houston,US,13 November 2026,2026-11-13,12:00,12:56,57m,"$2,860",2860,USD,$,7,https://villiers.ai/empty-legs/kdal-khou-2026-11-13?id=ADHUHR,https://villiers.ai/empty-legs/kdal-khou-2026-11-13?id=ADHUHR,https://villiers.ai/empty-legs/kdal-khou-2026-11-13?id=ADHUHR,"Mon, 01 Jun 2026 18:31:08 GMT",2026-08-06T03:47:01+00:00
https://villiers.ai/empty-legs/kiws-kaus-2026-11-13?id=ADHUHR,active,unchanged,2026-08-05T22:38:36+00:00,2026-08-06T03:47:01+00:00,,"Pilatus PC-12 NG | West Houston Airport → Austin Bergstrom International Airport | $1,980",,Pilatus PC-12 NG,KIWS - West Houston Airport,KIWS,IWS,West Houston Airport,Houston,US,KAUS - Austin Bergstrom International Airport,KAUS,AUS,Austin-Bergstrom International Airport,Austin,US,13 November 2026,2026-11-13,12:00,12:43,44m,"$1,980",1980,USD,$,7,https://villiers.ai/empty-legs/kiws-kaus-2026-11-13?id=ADHUHR,https://villiers.ai/empty-legs/kiws-kaus-2026-11-13?id=ADHUHR,https://villiers.ai/empty-legs/kiws-kaus-2026-11-13?id=ADHUHR,"Tue, 09 Jun 2026 06:25:30 GMT",2026-08-06T03:47:01+00:00
https://villiers.ai/empty-legs/kiws-kdal-2026-11-13?id=ADHUHR,active,unchanged,2026-08-05T22:38:36+00:00,2026-08-06T03:47:01+00:00,,"Pilatus PC-12 NG | West Houston Airport → Dallas Love Field | $2,640",,Pilatus PC-12 NG,KIWS - West Houston Airport,KIWS,IWS,West Houston Airport,Houston,US,KDAL - Dallas Love Field,KDAL,DAL,Dallas Love Field,Dallas,US,13 November 2026,2026-11-13,12:00,12:54,54m,"$2,640",2640,USD,$,7,https://villiers.ai/empty-legs/kiws-kdal-2026-11-13?id=ADHUHR,https://villiers.ai/empty-legs/kiws-kdal-2026-11-13?id=ADHUHR,https://villiers.ai/empty-legs/kiws-kdal-2026-11-13?id=ADHUHR,"Tue, 19 May 2026 09:06:09 GMT",2026-08-06T03:47:01+00:00
https://villiers.ai/empty-legs/kaus-kiws-2026-11-15?id=ADHUHR,active,unchanged,2026-08-05T22:38:36+00:00,2026-08-06T03:47:01+00:00,,"Pilatus PC-12 NG | Austin Bergstrom International Airport → West Houston Airport | $1,540",,Pilatus PC-12 NG,KAUS - Austin Bergstrom International Airport,KAUS,AUS,Austin-Bergstrom International Airport,Austin,US,KIWS - West Houston Airport,KIWS,IWS,West Houston Airport,Houston,US,15 November 2026,2026-11-15,12:00,12:43,44m,"$1,540",1540,USD,$,7,https://villiers.ai/empty-legs/kaus-kiws-2026-11-15?id=ADHUHR,https://villiers.ai/empty-legs/kaus-kiws-2026-11-15?id=ADHUHR,https://villiers.ai/empty-legs/kaus-kiws-2026-11-15?id=ADHUHR,"Tue, 09 Jun 2026 06:25:30 GMT",2026-08-06T03:47:01+00:00
https://villiers.ai/empty-legs/kdal-kiws-2026-11-15?id=ADHUHR,active,unchanged,2026-08-05T22:38:36+00:00,2026-08-06T03:47:01+00:00,,"Pilatus PC-12 NG | Dallas Love Field → West Houston Airport | $2,640",,Pilatus PC-12 NG,KDAL - Dallas Love Field,KDAL,DAL,Dallas Love Field,Dallas,US,KIWS - West Houston Airport,KIWS,IWS,West Houston Airport,Houston,US,15 November 2026,2026-11-15,12:00,12:54,54m,"$2,640",2640,USD,$,7,https://villiers.ai/empty-legs/kdal-kiws-2026-11-15?id=ADHUHR,https://villiers.ai/empty-legs/kdal-kiws-2026-11-15?id=ADHUHR,https://villiers.ai/empty-legs/kdal-kiws-2026-11-15?id=ADHUHR,"Tue, 19 May 2026 09:06:10 GMT",2026-08-06T03:47:01+00:00
https://villiers.ai/empty-legs/khou-kdal-2026-11-16?id=ADHUHR,active,unchanged,2026-08-05T22:38:36+00:00,2026-08-06T03:47:01+00:00,,"Cessna Citation Ultra | William P. Hobby Airport → Dallas Love Field | $3,190",,Cessna Citation Ultra,KHOU - William P. Hobby Airport,KHOU,HOU,William P Hobby Airport,Houston,US,KDAL - Dallas Love Field,KDAL,DAL,Dallas Love Field,Dallas,US,16 November 2026,2026-11-16,12:00,12:56,57m,"$3,190",3190,USD,$,7,https://villiers.ai/empty-legs/khou-kdal-2026-11-16?id=ADHUHR,https://villiers.ai/empty-legs/khou-kdal-2026-11-16?id=ADHUHR,https://villiers.ai/empty-legs/khou-kdal-2026-11-16?id=ADHUHR,"Mon, 01 Jun 2026 18:31:08 GMT",2026-08-06T03:47:01+00:00
https://villiers.ai/empty-legs/kdal-khou-2026-11-18?id=ADHUHR,active,unchanged,2026-08-05T22:38:36+00:00,2026-08-06T03:47:01+00:00,,"Bombardier Challenger 300 | Dallas Love Field → William P. Hobby Airport | $4,620",,Bombardier Challenger 300,KDAL - Dallas Love Field,KDAL,DAL,Dallas Love Field,Dallas,US,KHOU - William P. Hobby Airport,KHOU,HOU,William P Hobby Airport,Houston,US,18 November 2026,2026-11-18,12:00,12:56,57m,"$4,620",4620,USD,$,9,https://villiers.ai/empty-legs/kdal-khou-2026-11-18?id=ADHUHR,https://villiers.ai/empty-legs/kdal-khou-2026-11-18?id=ADHUHR,https://villiers.ai/empty-legs/kdal-khou-2026-11-18?id=ADHUHR,"Mon, 23 Mar 2026 12:11:29 GMT",2026-08-06T03:47:01+00:00
https://villiers.ai/empty-legs/ksba-klas-2026-11-18?id=ADHUHR,active,unchanged,2026-08-05T22:38:36+00:00,2026-08-06T03:47:01+00:00,,"Bombardier Challenger 300 | Santa Barbara Municipal Airport → Harry Reid International Airport | $5,280",,Bombardier Challenger 300,KSBA - Santa Barbara Municipal Airport,KSBA,SBA,Santa Barbara Municipal Airport,Santa Barbara,US,KLAS - Harry Reid International Airport,KLAS,LAS,Harry Reid International Airport,Las Vegas,US,18 November 2026,2026-11-18,12:00,13:01,1h 2m,"$5,280",5280,USD,$,9,https://villiers.ai/empty-legs/ksba-klas-2026-11-18?id=ADHUHR,https://villiers.ai/empty-legs/ksba-klas-2026-11-18?id=ADHUHR,https://villiers.ai/empty-legs/ksba-klas-2026-11-18?id=ADHUHR,"Wed, 25 Mar 2026 13:10:39 GMT",2026-08-06T03:47:01+00:00
https://villiers.ai/empty-legs/klas-ksba-2026-11-27?id=ADHUHR,active,unchanged,2026-08-05T22:38:36+00:00,2026-08-06T03:47:01+00:00,,"Bombardier Challenger 300 | Harry Reid International Airport → Santa Barbara Municipal Airport | $5,940",,Bombardier Challenger 300,KLAS - Harry Reid International Airport,KLAS,LAS,Harry Reid International Airport,Las Vegas,US,KSBA - Santa Barbara Municipal Airport,KSBA,SBA,Santa Barbara Municipal Airport,Santa Barbara,US,27 November 2026,2026-11-27,12:00,13:01,1h 2m,"$5,940",5940,USD,$,9,https://villiers.ai/empty-legs/klas-ksba-2026-11-27?id=ADHUHR,https://villiers.ai/empty-legs/klas-ksba-2026-11-27?id=ADHUHR,https://villiers.ai/empty-legs/klas-ksba-2026-11-27?id=ADHUHR,"Wed, 25 Mar 2026 13:10:39 GMT",2026-08-06T03:47:01+00:00
